trade_date,symbol,basis_label,instrument,commodity_label,exchange,futures_contract,is_front_month,futures_settlement_raw,futures_price_unit,futures_settlement_common,basis_common_unit,front_next_spread_common,term_structure_signal,term_structure_trade_date,second_futures_contract,volume,transactions,physical_component_role,physical_source_family,physical_series_key,physical_source_id,physical_instrument,physical_delivery_point,physical_price_asof,physical_price_asof_date,physical_unit,physical_mapping_status,physical_lag_days,physical_notes,physical_raw_source_url,physical_tos_status,physical_gatekeeper_cleared,physical_price_converted,physical_conversion_formula,futures_settlement_converted,futures_conversion_formula,basis_value_asof,basis_formula_asof,basis_ready,basis_value_asof_status,basis_quality_flag,basis_calculation_input_status,conversion_note,cot_score,cot_signal,cot_confidence,cot_report_date,cot_lag_days,cot_score_status,cot_summary,narrative_event_count,narrative_bullish_count,narrative_bearish_count,narrative_neutral_count,narrative_unknown_count,narrative_avg_sentiment_score,narrative_avg_confidence_score,narrative_aggregate_direction,narrative_latest_event_timestamp,narrative_lag_days,narrative_top_event_headline,narrative_tos_status,narrative_gatekeeper_cleared,available_components,missing_components,merged_at_utc,physical_source_series,physical_data_type
2026-06-15,CL,CL_WTI_CUSHING,WTI_LIGHT_SWEET_CRUDE_OIL,WTI Light Sweet Crude Oil,NYMEX,CLN6,True,80.75,USD_PER_BBL,80.75,USD_PER_BBL,-1.31,backwardation,2026-06-15,CLQ6,127586,79875,PHYSICAL_PRICE_LATEST_AVAILABLE_ASOF,EIA,WTI_CRUDE,EIA_WTI_DAILY,WTI_CRUDE,CUSHING_OK,112.25,2026-05-18,USD_PER_BBL,STRICT,28,WTI Cushing spot price from latest available EIA daily observation.,https://www.eia.gov/dnav/pet/hist/RWTCD.htm,GO,True,112.25,no_conversion_needed,80.75,no_conversion_needed,31.5,physical_price_asof - front_month_futures_settlement,True,CALCULATED_WITH_LATEST_AVAILABLE_ASOF_PHYSICAL,STALE_PHYSICAL_LAG_28D_REVIEW,COMPLETE_WITH_STALE_PHYSICAL_REVIEW,Physical and futures legs are both in USD_PER_BBL.,4.0,bullish_positioning,medium,2026-05-19,27,ACCEPTED_LEGACY_NEUTRAL,CL shows bullish COT pressure with final score 4.00 and base score 4.00. Managed Money positioning is near its historical middle range.,10,5,0,1,4,0.431,0.691,bullish,2026-05-11T14:00:00+00:00,35,"The United States set record energy production in 2025, again",GO_WITH_SOURCE_SPECIFIC_TOS,True,cme_futures_settlement;term_structure;physical_latest_available_asof;cot_overlay;narrative_sentiment,,2026-06-15T21:09:31+00:00,PET.RWTC.D,SPOT_PRICE
2026-06-15,GC,GC_FUTURES_ONLY,GOLD,Gold,COMEX,GCM6,True,4328.0,USD_PER_TROY_OUNCE,4328.0,,6.8,contango,2026-06-15,GCN6,419,349,NO_PHYSICAL_MAPPING_AVAILABLE,,,,,,,,,,,,,,,,,,,,,False,NOT_CALCULATED_NO_PHYSICAL_MAPPING,NO_PHYSICAL_MAPPING_AVAILABLE,INCOMPLETE_NO_PHYSICAL_MAPPING,,4.0,bullish_positioning,high,2026-05-19,27,ACCEPTED_LEGACY_CONFIRMED,GC shows bullish COT pressure with final score 4.00 and base score 4.00. Managed Money positioning is near its historical middle range.,14,7,3,1,3,0.271429,0.791429,bullish,2026-05-26T01:18:00+00:00,20,Gold falls as war-driven inflation fears fuel rate-hike bets,GO_WITH_SOURCE_SPECIFIC_TOS,True,cme_futures_settlement;term_structure;cot_overlay;narrative_sentiment,physical_price,2026-06-15T21:09:31+00:00,,
2026-06-15,NG,NG_HENRY_HUB,HENRY_HUB_NATURAL_GAS,Henry Hub Natural Gas,NYMEX,NGN26,True,3.147,USD_PER_MMBTU,3.147,USD_PER_MMBTU,0.022,contango,2026-06-15,NGQ26,77166,34526,PHYSICAL_PRICE_LATEST_AVAILABLE_ASOF,EIA,HENRY_HUB_NG,EIA_HENRY_HUB_DAILY,HENRY_HUB_NG,HENRY_HUB_LA,3.07,2026-05-18,USD_PER_MMBTU,STRICT,28,Henry Hub spot price from latest available EIA daily observation.,https://www.eia.gov/dnav/ng/hist/RNGWHHDD.htm,GO,True,3.07,no_conversion_needed,3.147,no_conversion_needed,-0.077,physical_price_asof - front_month_futures_settlement,True,CALCULATED_WITH_LATEST_AVAILABLE_ASOF_PHYSICAL,STALE_PHYSICAL_LAG_28D_REVIEW,COMPLETE_WITH_STALE_PHYSICAL_REVIEW,Physical and futures legs are both in USD_PER_MMBTU.,4.5,bullish_positioning,high,2026-05-19,27,ACCEPTED_LEGACY_CONFIRMED,NG shows bullish COT pressure with final score 4.50 and base score 4.50. Managed Money is moderately net short versus history.,22,6,0,1,15,0.22,0.588182,mildly_bullish,2026-05-26T14:00:00+00:00,20,Most planned natural gas pipeline capacity additions in 2026 and 2027 originate in Texas,GO_WITH_SOURCE_SPECIFIC_TOS,True,cme_futures_settlement;term_structure;physical_latest_available_asof;cot_overlay;narrative_sentiment,,2026-06-15T21:09:31+00:00,NG.RNGWHHD.D,SPOT_PRICE
2026-06-12,SI,SI_FUTURES_ONLY,SILVER,Silver,COMEX,SIM6,True,67.859,USD_PER_TROY_OUNCE,67.859,,0.115,contango,2026-06-12,SIN6,10,9,NO_PHYSICAL_MAPPING_AVAILABLE,,,,,,,,,,,,,,,,,,,,,False,NOT_CALCULATED_NO_PHYSICAL_MAPPING,NO_PHYSICAL_MAPPING_AVAILABLE,INCOMPLETE_NO_PHYSICAL_MAPPING,,5.0,bullish_positioning,medium,2026-05-19,24,ACCEPTED_LEGACY_NEUTRAL,SI shows bullish COT pressure with final score 5.00 and base score 5.00. Managed Money is moderately net short versus history.,2,0,0,0,2,0.0,0.475,neutral,2026-05-13T07:00:00+00:00,30,"Explainer: Why India's higher tariffs are unlikely to dent gold, silver demand",GO_WITH_SOURCE_SPECIFIC_TOS,True,cme_futures_settlement;term_structure;cot_overlay;narrative_sentiment,physical_price,2026-06-15T21:09:31+00:00,,
2026-06-15,ZC,ZC_CORN_DECATUR_PROXY,CORN,Corn,CBOT,ZCN6,True,415.5,US_CENTS_PER_BUSHEL,4.155,USD_PER_BUSHEL,0.0725,contango,2026-06-15,ZCU6,96053,13295,PHYSICAL_PRICE_LATEST_AVAILABLE_ASOF,USDA_AMS,CORN_DECATUR_PROXY,USDA_AMS_CORN_ILLINOIS_PROXY_FOR_DECATUR,CORN,ILLINOIS_GRAIN_BID_PROXY_FOR_DECATUR,4.5283,05/22/2026,USD_PER_BUSHEL,PROXY,24,Strict Decatur corn bid was not found in USDA MARS broad search; Illinois grain-bid source is used as the closest searchable proxy.,https://marsapi.ams.usda.gov/services/v1.2/reports/3192/Report%20Detail,GO,True,4.5283,no_conversion_needed,4.155,settlement_price_cents_per_bushel / 100,0.3733,physical_price_asof - front_month_futures_settlement,True,CALCULATED_WITH_LATEST_AVAILABLE_ASOF_PHYSICAL,STALE_PHYSICAL_LAG_24D_REVIEW,COMPLETE_WITH_STALE_PHYSICAL_REVIEW,Physical and futures legs are both in USD_PER_BUSHEL.,-5.0,bearish_positioning,high,2026-05-19,27,ACCEPTED_LEGACY_CONFIRMED,"ZC shows bearish COT pressure with final score -5.00 and base score -5.00. Managed Money is extremely net long, indicating crowded-long downside risk.",,,,,,,,,,,,,,cme_futures_settlement;term_structure;physical_latest_available_asof;cot_overlay,narrative_sentiment,2026-06-15T21:09:31+00:00,3192,ELEVATOR_BID
2026-06-15,ZC,ZC_CORN_GULF_PROXY,CORN,Corn,CBOT,ZCN6,True,415.5,US_CENTS_PER_BUSHEL,4.155,USD_PER_BUSHEL,0.0725,contango,2026-06-15,ZCU6,96053,13295,PHYSICAL_PRICE_LATEST_AVAILABLE_ASOF,USDA_AMS,CORN_GULF_PROXY,USDA_AMS_CORN_BARGE_TERMINAL_PROXY_FOR_GULF,CORN,BARGE_TERMINAL_PROXY_FOR_GULF,4.515,05/22/2026,USD_PER_BUSHEL,PROXY,24,Strict Gulf/New Orleans corn bid was not found in USDA MARS broad search; barge/terminal corn bids are used as the closest searchable proxy.,https://marsapi.ams.usda.gov/services/v1.2/reports/3043/Report%20Detail,GO,True,4.515,no_conversion_needed,4.155,settlement_price_cents_per_bushel / 100,0.36,physical_price_asof - front_month_futures_settlement,True,CALCULATED_WITH_LATEST_AVAILABLE_ASOF_PHYSICAL,STALE_PHYSICAL_LAG_24D_REVIEW,COMPLETE_WITH_STALE_PHYSICAL_REVIEW,Physical and futures legs are both in USD_PER_BUSHEL.,-5.0,bearish_positioning,high,2026-05-19,27,ACCEPTED_LEGACY_CONFIRMED,"ZC shows bearish COT pressure with final score -5.00 and base score -5.00. Managed Money is extremely net long, indicating crowded-long downside risk.",,,,,,,,,,,,,,cme_futures_settlement;term_structure;physical_latest_available_asof;cot_overlay,narrative_sentiment,2026-06-15T21:09:31+00:00,3043,ELEVATOR_BID
2026-06-15,ZC,ZC_CORN_OK_FALLBACK,CORN,Corn,CBOT,ZCN6,True,415.5,US_CENTS_PER_BUSHEL,4.155,USD_PER_BUSHEL,0.0725,contango,2026-06-15,ZCU6,96053,13295,PHYSICAL_PRICE_LATEST_AVAILABLE_ASOF,USDA_AMS,CORN_COUNTRY_ELEVATOR_OK_FALLBACK,USDA_AMS_CORN_OK_COUNTRY_ELEVATOR_BID,CORN,OKLAHOMA_COUNTRY_ELEVATORS,4.6325,05/22/2026,USD_PER_BUSHEL,FALLBACK,24,Clean USDA corn country-elevator bid fallback. It is not Decatur/Gulf.,https://marsapi.ams.usda.gov/services/v1.2/reports/3100/Report%20Detail,GO,True,4.6325,no_conversion_needed,4.155,settlement_price_cents_per_bushel / 100,0.4775,physical_price_asof - front_month_futures_settlement,True,CALCULATED_WITH_LATEST_AVAILABLE_ASOF_PHYSICAL,STALE_PHYSICAL_LAG_24D_REVIEW,COMPLETE_WITH_STALE_PHYSICAL_REVIEW,Physical and futures legs are both in USD_PER_BUSHEL.,-5.0,bearish_positioning,high,2026-05-19,27,ACCEPTED_LEGACY_CONFIRMED,"ZC shows bearish COT pressure with final score -5.00 and base score -5.00. Managed Money is extremely net long, indicating crowded-long downside risk.",,,,,,,,,,,,,,cme_futures_settlement;term_structure;physical_latest_available_asof;cot_overlay,narrative_sentiment,2026-06-15T21:09:31+00:00,3100,ELEVATOR_BID
2026-06-15,ZS,ZS_SOYBEAN_MEAL_RELATED_PROXY,SOYBEANS,Soybeans,CBOT,ZSN6,True,1119.25,US_CENTS_PER_BUSHEL,11.1925,USD_PER_SHORT_TON,0.0425,contango,2026-06-15,ZSQ6,52364,14593,PHYSICAL_PRICE_LATEST_AVAILABLE_ASOF,USDA_AMS,SOYBEAN_MEAL,USDA_AMS_SOYBEAN_MEAL_NATIONAL,SOYBEAN_MEAL,NATIONAL_PROCESSOR_FEEDSTUFF,433.4,05/18/2026,USD_PER_SHORT_TON,STRICT,28,,https://marsapi.ams.usda.gov/services/v1.2/reports/3511/Report%20Detail,GO,True,433.4,no_conversion_needed; USDA soybean meal physical is already USD_PER_SHORT_TON,373.083333,ZS futures USD_PER_BUSHEL * (2000 lb per short ton / 60 lb per soybean bushel),60.316667,physical_price_asof - front_month_futures_settlement,True,CALCULATED_WITH_LATEST_AVAILABLE_ASOF_PHYSICAL,STALE_PHYSICAL_LAG_28D_REVIEW,COMPLETE_WITH_STALE_PHYSICAL_REVIEW,Related proxy: soybean meal physical is compared with soybean futures converted to USD_PER_SHORT_TON; not a strict raw-soybean cash basis.,-5.0,bearish_positioning,high,2026-05-19,27,ACCEPTED_LEGACY_CONFIRMED,"ZS shows bearish COT pressure with final score -5.00 and base score -5.00. Managed Money is extremely net long, indicating crowded-long downside risk.",3,0,0,1,2,0.0,0.566667,neutral,2026-05-26T09:19:43+00:00,20,"Exclusive: India cancels soymeal export deals, turns to African soybean imports, sources say",GO_WITH_SOURCE_SPECIFIC_TOS,True,cme_futures_settlement;term_structure;physical_latest_available_asof;cot_overlay;narrative_sentiment,,2026-06-15T21:09:31+00:00,3511,PHYSICAL_PRICE
2026-06-15,ZW,ZW_SRW_WHEAT,SRW_WHEAT,SRW Wheat,CBOT,ZWN6,True,589.75,US_CENTS_PER_BUSHEL,5.8975,USD_PER_BUSHEL,0.1075,contango,2026-06-15,ZWU6,40361,11826,PHYSICAL_PRICE_LATEST_AVAILABLE_ASOF,USDA_AMS,SRW_WHEAT,USDA_AMS_SRW_WHEAT_BID,SRW_WHEAT,US_SRW_GRAIN_BIDS,7.9625,05/22/2026,USD_PER_BUSHEL,STRICT,24,,https://marsapi.ams.usda.gov/services/v1.2/reports/2787/Report%20Detail,GO,True,7.9625,no_conversion_needed,5.8975,settlement_price_cents_per_bushel / 100,2.065,physical_price_asof - front_month_futures_settlement,True,CALCULATED_WITH_LATEST_AVAILABLE_ASOF_PHYSICAL,STALE_PHYSICAL_LAG_24D_REVIEW,COMPLETE_WITH_STALE_PHYSICAL_REVIEW,Physical and futures legs are both in USD_PER_BUSHEL.,-5.0,bearish_positioning,high,2026-05-19,27,ACCEPTED_LEGACY_CONFIRMED,"ZW shows bearish COT pressure with final score -5.00 and base score -5.00. Managed Money is extremely net long, indicating crowded-long downside risk.",2,1,0,0,1,0.45,0.7,bullish,2026-05-04T07:00:00+00:00,42,India resumes wheat exports after four years but high prices likely to limit demand,GO_WITH_SOURCE_SPECIFIC_TOS,True,cme_futures_settlement;term_structure;physical_latest_available_asof;cot_overlay;narrative_sentiment,,2026-06-15T21:09:31+00:00,2787,ELEVATOR_BID
