source_id,trade_date,symbol,instrument,commodity_label,exchange,product_code,futures_contract,contract_rank,is_front_month,contract_name,contract_first_trade_date,contract_last_trade_date,contract_days_to_maturity,open,high,low,close,settlement_price,settlement_price_source,settlement_common_unit_value,price_unit,common_unit,unit_conversion,volume,transactions,window_start_ns,data_type,futures_data_role,tos_status,gatekeeper_cleared,gatekeeper_id,raw_source_url,normalized_at
MASSIVE_CME_FUTURES_SESSION,2026-06-09,CL,WTI_LIGHT_SWEET_CRUDE_OIL,WTI Light Sweet Crude Oil,NYMEX,CL,CLN6,1,True,CLN6 Future,2018-01-22,2026-06-22,7,91.28,91.55,85.95,88.7,88.2,settlement_price,88.2,USD_PER_BBL,USD_PER_BBL,no_conversion_needed,191206,118470,1780876800000000000,FUTURES_SESSION_SETTLEMENT,FUTURES_LEG_OF_BASIS,GO_INTERNAL_ANALYTICS,True,LOCAL_PROTO,https://api.massive.com/futures/v1/aggs/CLN6,2026-06-15T20:44:07+00:00
MASSIVE_CME_FUTURES_SESSION,2026-06-10,CL,WTI_LIGHT_SWEET_CRUDE_OIL,WTI Light Sweet Crude Oil,NYMEX,CL,CLN6,1,True,CLN6 Future,2018-01-22,2026-06-22,7,89.4,91.87,87.39,91.85,90.03,settlement_price,90.03,USD_PER_BBL,USD_PER_BBL,no_conversion_needed,173615,108203,1780963200000000000,FUTURES_SESSION_SETTLEMENT,FUTURES_LEG_OF_BASIS,GO_INTERNAL_ANALYTICS,True,LOCAL_PROTO,https://api.massive.com/futures/v1/aggs/CLN6,2026-06-15T20:44:07+00:00
MASSIVE_CME_FUTURES_SESSION,2026-06-11,CL,WTI_LIGHT_SWEET_CRUDE_OIL,WTI Light Sweet Crude Oil,NYMEX,CL,CLN6,1,True,CLN6 Future,2018-01-22,2026-06-22,7,92.25,93.64,85.74,86.42,87.71,settlement_price,87.71,USD_PER_BBL,USD_PER_BBL,no_conversion_needed,217473,136919,1781049600000000000,FUTURES_SESSION_SETTLEMENT,FUTURES_LEG_OF_BASIS,GO_INTERNAL_ANALYTICS,True,LOCAL_PROTO,https://api.massive.com/futures/v1/aggs/CLN6,2026-06-15T20:44:07+00:00
MASSIVE_CME_FUTURES_SESSION,2026-06-12,CL,WTI_LIGHT_SWEET_CRUDE_OIL,WTI Light Sweet Crude Oil,NYMEX,CL,CLN6,1,True,CLN6 Future,2018-01-22,2026-06-22,7,86.64,87.23,83.2,84.29,84.88,settlement_price,84.88,USD_PER_BBL,USD_PER_BBL,no_conversion_needed,158553,101824,1781136000000000000,FUTURES_SESSION_SETTLEMENT,FUTURES_LEG_OF_BASIS,GO_INTERNAL_ANALYTICS,True,LOCAL_PROTO,https://api.massive.com/futures/v1/aggs/CLN6,2026-06-15T20:44:07+00:00
MASSIVE_CME_FUTURES_SESSION,2026-06-15,CL,WTI_LIGHT_SWEET_CRUDE_OIL,WTI Light Sweet Crude Oil,NYMEX,CL,CLN6,1,True,CLN6 Future,2018-01-22,2026-06-22,7,81.4,82.42,79.7,81.2,80.75,settlement_price,80.75,USD_PER_BBL,USD_PER_BBL,no_conversion_needed,127586,79875,1781395200000000000,FUTURES_SESSION_SETTLEMENT,FUTURES_LEG_OF_BASIS,GO_INTERNAL_ANALYTICS,True,LOCAL_PROTO,https://api.massive.com/futures/v1/aggs/CLN6,2026-06-15T20:44:07+00:00
MASSIVE_CME_FUTURES_SESSION,2026-06-09,CL,WTI_LIGHT_SWEET_CRUDE_OIL,WTI Light Sweet Crude Oil,NYMEX,CL,CLQ6,2,False,CLQ6 Future,2018-01-22,2026-07-21,36,89.25,89.46,84.55,86.99,86.58,settlement_price,86.58,USD_PER_BBL,USD_PER_BBL,no_conversion_needed,58895,40737,1780876800000000000,FUTURES_SESSION_SETTLEMENT,FUTURES_LEG_OF_BASIS,GO_INTERNAL_ANALYTICS,True,LOCAL_PROTO,https://api.massive.com/futures/v1/aggs/CLQ6,2026-06-15T20:44:08+00:00
MASSIVE_CME_FUTURES_SESSION,2026-06-10,CL,WTI_LIGHT_SWEET_CRUDE_OIL,WTI Light Sweet Crude Oil,NYMEX,CL,CLQ6,2,False,CLQ6 Future,2018-01-22,2026-07-21,36,87.63,90.08,85.88,89.94,88.34,settlement_price,88.34,USD_PER_BBL,USD_PER_BBL,no_conversion_needed,58144,39981,1780963200000000000,FUTURES_SESSION_SETTLEMENT,FUTURES_LEG_OF_BASIS,GO_INTERNAL_ANALYTICS,True,LOCAL_PROTO,https://api.massive.com/futures/v1/aggs/CLQ6,2026-06-15T20:44:08+00:00
MASSIVE_CME_FUTURES_SESSION,2026-06-11,CL,WTI_LIGHT_SWEET_CRUDE_OIL,WTI Light Sweet Crude Oil,NYMEX,CL,CLQ6,2,False,CLQ6 Future,2018-01-22,2026-07-21,36,90.24,91.62,84.3,84.94,86.16,settlement_price,86.16,USD_PER_BBL,USD_PER_BBL,no_conversion_needed,80646,56267,1781049600000000000,FUTURES_SESSION_SETTLEMENT,FUTURES_LEG_OF_BASIS,GO_INTERNAL_ANALYTICS,True,LOCAL_PROTO,https://api.massive.com/futures/v1/aggs/CLQ6,2026-06-15T20:44:08+00:00
MASSIVE_CME_FUTURES_SESSION,2026-06-12,CL,WTI_LIGHT_SWEET_CRUDE_OIL,WTI Light Sweet Crude Oil,NYMEX,CL,CLQ6,2,False,CLQ6 Future,2018-01-22,2026-07-21,36,85,85.61,81.68,82.77,83.35,settlement_price,83.35,USD_PER_BBL,USD_PER_BBL,no_conversion_needed,84022,60224,1781136000000000000,FUTURES_SESSION_SETTLEMENT,FUTURES_LEG_OF_BASIS,GO_INTERNAL_ANALYTICS,True,LOCAL_PROTO,https://api.massive.com/futures/v1/aggs/CLQ6,2026-06-15T20:44:08+00:00
MASSIVE_CME_FUTURES_SESSION,2026-06-15,CL,WTI_LIGHT_SWEET_CRUDE_OIL,WTI Light Sweet Crude Oil,NYMEX,CL,CLQ6,2,False,CLQ6 Future,2018-01-22,2026-07-21,36,80.5,81,78.45,79.87,79.44,settlement_price,79.44,USD_PER_BBL,USD_PER_BBL,no_conversion_needed,87135,59029,1781395200000000000,FUTURES_SESSION_SETTLEMENT,FUTURES_LEG_OF_BASIS,GO_INTERNAL_ANALYTICS,True,LOCAL_PROTO,https://api.massive.com/futures/v1/aggs/CLQ6,2026-06-15T20:44:08+00:00
MASSIVE_CME_FUTURES_SESSION,2026-06-09,CL,WTI_LIGHT_SWEET_CRUDE_OIL,WTI Light Sweet Crude Oil,NYMEX,CL,CLU6,3,False,CLU6 Future,2018-01-22,2026-08-20,66,87.06,87.19,82.91,85.06,84.74,settlement_price,84.74,USD_PER_BBL,USD_PER_BBL,no_conversion_needed,21633,16755,1780876800000000000,FUTURES_SESSION_SETTLEMENT,FUTURES_LEG_OF_BASIS,GO_INTERNAL_ANALYTICS,True,LOCAL_PROTO,https://api.massive.com/futures/v1/aggs/CLU6,2026-06-15T20:44:08+00:00
MASSIVE_CME_FUTURES_SESSION,2026-06-10,CL,WTI_LIGHT_SWEET_CRUDE_OIL,WTI Light Sweet Crude Oil,NYMEX,CL,CLU6,3,False,CLU6 Future,2018-01-22,2026-08-20,66,85.5,88.06,84.08,87.94,86.51,settlement_price,86.51,USD_PER_BBL,USD_PER_BBL,no_conversion_needed,20685,14950,1780963200000000000,FUTURES_SESSION_SETTLEMENT,FUTURES_LEG_OF_BASIS,GO_INTERNAL_ANALYTICS,True,LOCAL_PROTO,https://api.massive.com/futures/v1/aggs/CLU6,2026-06-15T20:44:08+00:00
MASSIVE_CME_FUTURES_SESSION,2026-06-11,CL,WTI_LIGHT_SWEET_CRUDE_OIL,WTI Light Sweet Crude Oil,NYMEX,CL,CLU6,3,False,CLU6 Future,2018-01-22,2026-08-20,66,88.2,89.48,82.85,83.46,84.54,settlement_price,84.54,USD_PER_BBL,USD_PER_BBL,no_conversion_needed,25681,19723,1781049600000000000,FUTURES_SESSION_SETTLEMENT,FUTURES_LEG_OF_BASIS,GO_INTERNAL_ANALYTICS,True,LOCAL_PROTO,https://api.massive.com/futures/v1/aggs/CLU6,2026-06-15T20:44:08+00:00
MASSIVE_CME_FUTURES_SESSION,2026-06-12,CL,WTI_LIGHT_SWEET_CRUDE_OIL,WTI Light Sweet Crude Oil,NYMEX,CL,CLU6,3,False,CLU6 Future,2018-01-22,2026-08-20,66,83.5,83.94,80.35,81.25,81.71,settlement_price,81.71,USD_PER_BBL,USD_PER_BBL,no_conversion_needed,24345,18203,1781136000000000000,FUTURES_SESSION_SETTLEMENT,FUTURES_LEG_OF_BASIS,GO_INTERNAL_ANALYTICS,True,LOCAL_PROTO,https://api.massive.com/futures/v1/aggs/CLU6,2026-06-15T20:44:08+00:00
MASSIVE_CME_FUTURES_SESSION,2026-06-15,CL,WTI_LIGHT_SWEET_CRUDE_OIL,WTI Light Sweet Crude Oil,NYMEX,CL,CLU6,3,False,CLU6 Future,2018-01-22,2026-08-20,66,79.78,79.78,77.35,78.56,78.17,settlement_price,78.17,USD_PER_BBL,USD_PER_BBL,no_conversion_needed,23096,17771,1781395200000000000,FUTURES_SESSION_SETTLEMENT,FUTURES_LEG_OF_BASIS,GO_INTERNAL_ANALYTICS,True,LOCAL_PROTO,https://api.massive.com/futures/v1/aggs/CLU6,2026-06-15T20:44:08+00:00
MASSIVE_CME_FUTURES_SESSION,2026-06-09,GC,GOLD,Gold,COMEX,GC,GCM6,1,True,GCM6 Future,2020-06-30,2026-06-26,11,4332.8,4344.5,4240.2,4264.6,4260.0,settlement_price,4260.0,USD_PER_TROY_OUNCE,USD_PER_TROY_OUNCE,no_conversion_needed,160,113,1780876800000000000,FUTURES_SESSION_SETTLEMENT,FUTURES_LEG_OF_BASIS,GO_INTERNAL_ANALYTICS,True,LOCAL_PROTO,https://api.massive.com/futures/v1/aggs/GCM6,2026-06-15T20:44:24+00:00
MASSIVE_CME_FUTURES_SESSION,2026-06-10,GC,GOLD,Gold,COMEX,GC,GCM6,1,True,GCM6 Future,2020-06-30,2026-06-26,11,4200,4206.7,4100,4100,4108.2,settlement_price,4108.2,USD_PER_TROY_OUNCE,USD_PER_TROY_OUNCE,no_conversion_needed,68,54,1780963200000000000,FUTURES_SESSION_SETTLEMENT,FUTURES_LEG_OF_BASIS,GO_INTERNAL_ANALYTICS,True,LOCAL_PROTO,https://api.massive.com/futures/v1/aggs/GCM6,2026-06-15T20:44:24+00:00
MASSIVE_CME_FUTURES_SESSION,2026-06-11,GC,GOLD,Gold,COMEX,GC,GCM6,1,True,GCM6 Future,2020-06-30,2026-06-26,11,4042.9,4209.8,4031,4208.6,4090.3,settlement_price,4090.3,USD_PER_TROY_OUNCE,USD_PER_TROY_OUNCE,no_conversion_needed,315,263,1781049600000000000,FUTURES_SESSION_SETTLEMENT,FUTURES_LEG_OF_BASIS,GO_INTERNAL_ANALYTICS,True,LOCAL_PROTO,https://api.massive.com/futures/v1/aggs/GCM6,2026-06-15T20:44:24+00:00
MASSIVE_CME_FUTURES_SESSION,2026-06-12,GC,GOLD,Gold,COMEX,GC,GCM6,1,True,GCM6 Future,2020-06-30,2026-06-26,11,4208.3,4225.3,4173.2,4207.9,4215.0,settlement_price,4215.0,USD_PER_TROY_OUNCE,USD_PER_TROY_OUNCE,no_conversion_needed,62,49,1781136000000000000,FUTURES_SESSION_SETTLEMENT,FUTURES_LEG_OF_BASIS,GO_INTERNAL_ANALYTICS,True,LOCAL_PROTO,https://api.massive.com/futures/v1/aggs/GCM6,2026-06-15T20:44:24+00:00
MASSIVE_CME_FUTURES_SESSION,2026-06-15,GC,GOLD,Gold,COMEX,GC,GCM6,1,True,GCM6 Future,2020-06-30,2026-06-26,11,4271.2,4362,4269.1,4313.8,4328.0,settlement_price,4328.0,USD_PER_TROY_OUNCE,USD_PER_TROY_OUNCE,no_conversion_needed,419,349,1781395200000000000,FUTURES_SESSION_SETTLEMENT,FUTURES_LEG_OF_BASIS,GO_INTERNAL_ANALYTICS,True,LOCAL_PROTO,https://api.massive.com/futures/v1/aggs/GCM6,2026-06-15T20:44:24+00:00
MASSIVE_CME_FUTURES_SESSION,2026-06-09,GC,GOLD,Gold,COMEX,GC,GCN6,2,False,GCN6 Future,2025-02-10,2026-07-29,44,4333.1,4371.8,4243.4,4267.1,4269.9,settlement_price,4269.9,USD_PER_TROY_OUNCE,USD_PER_TROY_OUNCE,no_conversion_needed,616,492,1780876800000000000,FUTURES_SESSION_SETTLEMENT,FUTURES_LEG_OF_BASIS,GO_INTERNAL_ANALYTICS,True,LOCAL_PROTO,https://api.massive.com/futures/v1/aggs/GCN6,2026-06-15T20:44:24+00:00
MASSIVE_CME_FUTURES_SESSION,2026-06-10,GC,GOLD,Gold,COMEX,GC,GCN6,2,False,GCN6 Future,2025-02-10,2026-07-29,44,4259.8,4263.5,4074.5,4077.5,4117.2,settlement_price,4117.2,USD_PER_TROY_OUNCE,USD_PER_TROY_OUNCE,no_conversion_needed,1688,1166,1780963200000000000,FUTURES_SESSION_SETTLEMENT,FUTURES_LEG_OF_BASIS,GO_INTERNAL_ANALYTICS,True,LOCAL_PROTO,https://api.massive.com/futures/v1/aggs/GCN6,2026-06-15T20:44:24+00:00
MASSIVE_CME_FUTURES_SESSION,2026-06-11,GC,GOLD,Gold,COMEX,GC,GCN6,2,False,GCN6 Future,2025-02-10,2026-07-29,44,4078.6,4224,4035.5,4214.8,4098.0,settlement_price,4098.0,USD_PER_TROY_OUNCE,USD_PER_TROY_OUNCE,no_conversion_needed,1507,1225,1781049600000000000,FUTURES_SESSION_SETTLEMENT,FUTURES_LEG_OF_BASIS,GO_INTERNAL_ANALYTICS,True,LOCAL_PROTO,https://api.massive.com/futures/v1/aggs/GCN6,2026-06-15T20:44:24+00:00
MASSIVE_CME_FUTURES_SESSION,2026-06-12,GC,GOLD,Gold,COMEX,GC,GCN6,2,False,GCN6 Future,2025-02-10,2026-07-29,44,4220.2,4248.2,4176.5,4222.5,4222.7,settlement_price,4222.7,USD_PER_TROY_OUNCE,USD_PER_TROY_OUNCE,no_conversion_needed,775,615,1781136000000000000,FUTURES_SESSION_SETTLEMENT,FUTURES_LEG_OF_BASIS,GO_INTERNAL_ANALYTICS,True,LOCAL_PROTO,https://api.massive.com/futures/v1/aggs/GCN6,2026-06-15T20:44:24+00:00
MASSIVE_CME_FUTURES_SESSION,2026-06-15,GC,GOLD,Gold,COMEX,GC,GCN6,2,False,GCN6 Future,2025-02-10,2026-07-29,44,4293,4373.1,4269.3,4315,4334.8,settlement_price,4334.8,USD_PER_TROY_OUNCE,USD_PER_TROY_OUNCE,no_conversion_needed,1154,779,1781395200000000000,FUTURES_SESSION_SETTLEMENT,FUTURES_LEG_OF_BASIS,GO_INTERNAL_ANALYTICS,True,LOCAL_PROTO,https://api.massive.com/futures/v1/aggs/GCN6,2026-06-15T20:44:24+00:00
MASSIVE_CME_FUTURES_SESSION,2026-06-09,GC,GOLD,Gold,COMEX,GC,GCQ6,3,False,GCQ6 Future,2024-09-30,2026-08-27,73,4354.7,4388.6,4259.9,4284.8,4286.4,settlement_price,4286.4,USD_PER_TROY_OUNCE,USD_PER_TROY_OUNCE,no_conversion_needed,126723,97770,1780876800000000000,FUTURES_SESSION_SETTLEMENT,FUTURES_LEG_OF_BASIS,GO_INTERNAL_ANALYTICS,True,LOCAL_PROTO,https://api.massive.com/futures/v1/aggs/GCQ6,2026-06-15T20:44:25+00:00
MASSIVE_CME_FUTURES_SESSION,2026-06-10,GC,GOLD,Gold,COMEX,GC,GCQ6,3,False,GCQ6 Future,2024-09-30,2026-08-27,73,4276.1,4281.1,4090.1,4094.6,4133.3,settlement_price,4133.3,USD_PER_TROY_OUNCE,USD_PER_TROY_OUNCE,no_conversion_needed,193987,144599,1780963200000000000,FUTURES_SESSION_SETTLEMENT,FUTURES_LEG_OF_BASIS,GO_INTERNAL_ANALYTICS,True,LOCAL_PROTO,https://api.massive.com/futures/v1/aggs/GCQ6,2026-06-15T20:44:25+00:00
MASSIVE_CME_FUTURES_SESSION,2026-06-11,GC,GOLD,Gold,COMEX,GC,GCQ6,3,False,GCQ6 Future,2024-09-30,2026-08-27,73,4094.4,4241.3,4046.2,4233.8,4114.0,settlement_price,4114.0,USD_PER_TROY_OUNCE,USD_PER_TROY_OUNCE,no_conversion_needed,188500,144727,1781049600000000000,FUTURES_SESSION_SETTLEMENT,FUTURES_LEG_OF_BASIS,GO_INTERNAL_ANALYTICS,True,LOCAL_PROTO,https://api.massive.com/futures/v1/aggs/GCQ6,2026-06-15T20:44:25+00:00
MASSIVE_CME_FUTURES_SESSION,2026-06-12,GC,GOLD,Gold,COMEX,GC,GCQ6,3,False,GCQ6 Future,2024-09-30,2026-08-27,73,4234.9,4267.8,4191.1,4239.9,4238.8,settlement_price,4238.8,USD_PER_TROY_OUNCE,USD_PER_TROY_OUNCE,no_conversion_needed,128472,97701,1781136000000000000,FUTURES_SESSION_SETTLEMENT,FUTURES_LEG_OF_BASIS,GO_INTERNAL_ANALYTICS,True,LOCAL_PROTO,https://api.massive.com/futures/v1/aggs/GCQ6,2026-06-15T20:44:25+00:00
MASSIVE_CME_FUTURES_SESSION,2026-06-15,GC,GOLD,Gold,COMEX,GC,GCQ6,3,False,GCQ6 Future,2024-09-30,2026-08-27,73,4289.4,4391.5,4283.4,4331.2,4351.6,settlement_price,4351.6,USD_PER_TROY_OUNCE,USD_PER_TROY_OUNCE,no_conversion_needed,121178,88429,1781395200000000000,FUTURES_SESSION_SETTLEMENT,FUTURES_LEG_OF_BASIS,GO_INTERNAL_ANALYTICS,True,LOCAL_PROTO,https://api.massive.com/futures/v1/aggs/GCQ6,2026-06-15T20:44:25+00:00
MASSIVE_CME_FUTURES_SESSION,2026-06-09,NG,HENRY_HUB_NATURAL_GAS,Henry Hub Natural Gas,NYMEX,NG,NGN26,1,True,NGN26 Future,2013-11-27,2026-06-26,11,3.144,3.207,3.117,3.138,3.14,settlement_price,3.14,USD_PER_MMBTU,USD_PER_MMBTU,no_conversion_needed,88919,38434,1780876800000000000,FUTURES_SESSION_SETTLEMENT,FUTURES_LEG_OF_BASIS,GO_INTERNAL_ANALYTICS,True,LOCAL_PROTO,https://api.massive.com/futures/v1/aggs/NGN26,2026-06-15T20:44:10+00:00
MASSIVE_CME_FUTURES_SESSION,2026-06-10,NG,HENRY_HUB_NATURAL_GAS,Henry Hub Natural Gas,NYMEX,NG,NGN26,1,True,NGN26 Future,2013-11-27,2026-06-26,11,3.138,3.249,3.072,3.185,3.185,settlement_price,3.185,USD_PER_MMBTU,USD_PER_MMBTU,no_conversion_needed,98436,43461,1780963200000000000,FUTURES_SESSION_SETTLEMENT,FUTURES_LEG_OF_BASIS,GO_INTERNAL_ANALYTICS,True,LOCAL_PROTO,https://api.massive.com/futures/v1/aggs/NGN26,2026-06-15T20:44:10+00:00
MASSIVE_CME_FUTURES_SESSION,2026-06-11,NG,HENRY_HUB_NATURAL_GAS,Henry Hub Natural Gas,NYMEX,NG,NGN26,1,True,NGN26 Future,2013-11-27,2026-06-26,11,3.186,3.204,3.054,3.086,3.087,settlement_price,3.087,USD_PER_MMBTU,USD_PER_MMBTU,no_conversion_needed,110003,47064,1781049600000000000,FUTURES_SESSION_SETTLEMENT,FUTURES_LEG_OF_BASIS,GO_INTERNAL_ANALYTICS,True,LOCAL_PROTO,https://api.massive.com/futures/v1/aggs/NGN26,2026-06-15T20:44:10+00:00
MASSIVE_CME_FUTURES_SESSION,2026-06-12,NG,HENRY_HUB_NATURAL_GAS,Henry Hub Natural Gas,NYMEX,NG,NGN26,1,True,NGN26 Future,2013-11-27,2026-06-26,11,3.085,3.143,3.031,3.141,3.12,settlement_price,3.12,USD_PER_MMBTU,USD_PER_MMBTU,no_conversion_needed,75061,33147,1781136000000000000,FUTURES_SESSION_SETTLEMENT,FUTURES_LEG_OF_BASIS,GO_INTERNAL_ANALYTICS,True,LOCAL_PROTO,https://api.massive.com/futures/v1/aggs/NGN26,2026-06-15T20:44:10+00:00
MASSIVE_CME_FUTURES_SESSION,2026-06-15,NG,HENRY_HUB_NATURAL_GAS,Henry Hub Natural Gas,NYMEX,NG,NGN26,1,True,NGN26 Future,2013-11-27,2026-06-26,11,3.085,3.163,3.017,3.154,3.147,settlement_price,3.147,USD_PER_MMBTU,USD_PER_MMBTU,no_conversion_needed,77166,34526,1781395200000000000,FUTURES_SESSION_SETTLEMENT,FUTURES_LEG_OF_BASIS,GO_INTERNAL_ANALYTICS,True,LOCAL_PROTO,https://api.massive.com/futures/v1/aggs/NGN26,2026-06-15T20:44:10+00:00
MASSIVE_CME_FUTURES_SESSION,2026-06-09,NG,HENRY_HUB_NATURAL_GAS,Henry Hub Natural Gas,NYMEX,NG,NGQ26,2,False,NGQ26 Future,2013-11-27,2026-07-29,44,3.189,3.252,3.167,3.18,3.184,settlement_price,3.184,USD_PER_MMBTU,USD_PER_MMBTU,no_conversion_needed,18143,9097,1780876800000000000,FUTURES_SESSION_SETTLEMENT,FUTURES_LEG_OF_BASIS,GO_INTERNAL_ANALYTICS,True,LOCAL_PROTO,https://api.massive.com/futures/v1/aggs/NGQ26,2026-06-15T20:44:10+00:00
MASSIVE_CME_FUTURES_SESSION,2026-06-10,NG,HENRY_HUB_NATURAL_GAS,Henry Hub Natural Gas,NYMEX,NG,NGQ26,2,False,NGQ26 Future,2013-11-27,2026-07-29,44,3.18,3.286,3.116,3.227,3.23,settlement_price,3.23,USD_PER_MMBTU,USD_PER_MMBTU,no_conversion_needed,22963,12069,1780963200000000000,FUTURES_SESSION_SETTLEMENT,FUTURES_LEG_OF_BASIS,GO_INTERNAL_ANALYTICS,True,LOCAL_PROTO,https://api.massive.com/futures/v1/aggs/NGQ26,2026-06-15T20:44:10+00:00
MASSIVE_CME_FUTURES_SESSION,2026-06-11,NG,HENRY_HUB_NATURAL_GAS,Henry Hub Natural Gas,NYMEX,NG,NGQ26,2,False,NGQ26 Future,2013-11-27,2026-07-29,44,3.227,3.248,3.1,3.131,3.132,settlement_price,3.132,USD_PER_MMBTU,USD_PER_MMBTU,no_conversion_needed,29129,14759,1781049600000000000,FUTURES_SESSION_SETTLEMENT,FUTURES_LEG_OF_BASIS,GO_INTERNAL_ANALYTICS,True,LOCAL_PROTO,https://api.massive.com/futures/v1/aggs/NGQ26,2026-06-15T20:44:10+00:00
MASSIVE_CME_FUTURES_SESSION,2026-06-12,NG,HENRY_HUB_NATURAL_GAS,Henry Hub Natural Gas,NYMEX,NG,NGQ26,2,False,NGQ26 Future,2013-11-27,2026-07-29,44,3.13,3.178,3.072,3.175,3.157,settlement_price,3.157,USD_PER_MMBTU,USD_PER_MMBTU,no_conversion_needed,21531,11186,1781136000000000000,FUTURES_SESSION_SETTLEMENT,FUTURES_LEG_OF_BASIS,GO_INTERNAL_ANALYTICS,True,LOCAL_PROTO,https://api.massive.com/futures/v1/aggs/NGQ26,2026-06-15T20:44:10+00:00
MASSIVE_CME_FUTURES_SESSION,2026-06-15,NG,HENRY_HUB_NATURAL_GAS,Henry Hub Natural Gas,NYMEX,NG,NGQ26,2,False,NGQ26 Future,2013-11-27,2026-07-29,44,3.119,3.183,3.059,3.176,3.169,settlement_price,3.169,USD_PER_MMBTU,USD_PER_MMBTU,no_conversion_needed,25235,12833,1781395200000000000,FUTURES_SESSION_SETTLEMENT,FUTURES_LEG_OF_BASIS,GO_INTERNAL_ANALYTICS,True,LOCAL_PROTO,https://api.massive.com/futures/v1/aggs/NGQ26,2026-06-15T20:44:10+00:00
MASSIVE_CME_FUTURES_SESSION,2026-06-09,NG,HENRY_HUB_NATURAL_GAS,Henry Hub Natural Gas,NYMEX,NG,NGU26,3,False,NGU26 Future,2013-11-27,2026-08-27,73,3.167,3.229,3.147,3.162,3.164,settlement_price,3.164,USD_PER_MMBTU,USD_PER_MMBTU,no_conversion_needed,10746,5974,1780876800000000000,FUTURES_SESSION_SETTLEMENT,FUTURES_LEG_OF_BASIS,GO_INTERNAL_ANALYTICS,True,LOCAL_PROTO,https://api.massive.com/futures/v1/aggs/NGU26,2026-06-15T20:44:11+00:00
MASSIVE_CME_FUTURES_SESSION,2026-06-10,NG,HENRY_HUB_NATURAL_GAS,Henry Hub Natural Gas,NYMEX,NG,NGU26,3,False,NGU26 Future,2013-11-27,2026-08-27,73,3.164,3.257,3.099,3.203,3.207,settlement_price,3.207,USD_PER_MMBTU,USD_PER_MMBTU,no_conversion_needed,12579,7069,1780963200000000000,FUTURES_SESSION_SETTLEMENT,FUTURES_LEG_OF_BASIS,GO_INTERNAL_ANALYTICS,True,LOCAL_PROTO,https://api.massive.com/futures/v1/aggs/NGU26,2026-06-15T20:44:11+00:00
MASSIVE_CME_FUTURES_SESSION,2026-06-11,NG,HENRY_HUB_NATURAL_GAS,Henry Hub Natural Gas,NYMEX,NG,NGU26,3,False,NGU26 Future,2013-11-27,2026-08-27,73,3.2,3.225,3.08,3.107,3.107,settlement_price,3.107,USD_PER_MMBTU,USD_PER_MMBTU,no_conversion_needed,13869,7830,1781049600000000000,FUTURES_SESSION_SETTLEMENT,FUTURES_LEG_OF_BASIS,GO_INTERNAL_ANALYTICS,True,LOCAL_PROTO,https://api.massive.com/futures/v1/aggs/NGU26,2026-06-15T20:44:11+00:00
MASSIVE_CME_FUTURES_SESSION,2026-06-12,NG,HENRY_HUB_NATURAL_GAS,Henry Hub Natural Gas,NYMEX,NG,NGU26,3,False,NGU26 Future,2013-11-27,2026-08-27,73,3.104,3.147,3.05,3.143,3.126,settlement_price,3.126,USD_PER_MMBTU,USD_PER_MMBTU,no_conversion_needed,12467,7542,1781136000000000000,FUTURES_SESSION_SETTLEMENT,FUTURES_LEG_OF_BASIS,GO_INTERNAL_ANALYTICS,True,LOCAL_PROTO,https://api.massive.com/futures/v1/aggs/NGU26,2026-06-15T20:44:11+00:00
MASSIVE_CME_FUTURES_SESSION,2026-06-15,NG,HENRY_HUB_NATURAL_GAS,Henry Hub Natural Gas,NYMEX,NG,NGU26,3,False,NGU26 Future,2013-11-27,2026-08-27,73,3.082,3.144,3.028,3.139,3.132,settlement_price,3.132,USD_PER_MMBTU,USD_PER_MMBTU,no_conversion_needed,12040,6254,1781395200000000000,FUTURES_SESSION_SETTLEMENT,FUTURES_LEG_OF_BASIS,GO_INTERNAL_ANALYTICS,True,LOCAL_PROTO,https://api.massive.com/futures/v1/aggs/NGU26,2026-06-15T20:44:11+00:00
MASSIVE_CME_FUTURES_SESSION,2026-06-09,SI,SILVER,Silver,COMEX,SI,SIM6,1,True,SIM6 Future,2025-02-10,2026-06-26,11,68.225,68.815,65,65.4,65.094,settlement_price,65.094,USD_PER_TROY_OUNCE,USD_PER_TROY_OUNCE,no_conversion_needed,26,20,1780876800000000000,FUTURES_SESSION_SETTLEMENT,FUTURES_LEG_OF_BASIS,GO_INTERNAL_ANALYTICS,True,LOCAL_PROTO,https://api.massive.com/futures/v1/aggs/SIM6,2026-06-15T20:44:26+00:00
MASSIVE_CME_FUTURES_SESSION,2026-06-10,SI,SILVER,Silver,COMEX,SI,SIM6,1,True,SIM6 Future,2025-02-10,2026-06-26,11,63.82,63.82,63.745,63.745,64.599,settlement_price,64.599,USD_PER_TROY_OUNCE,USD_PER_TROY_OUNCE,no_conversion_needed,2,2,1780963200000000000,FUTURES_SESSION_SETTLEMENT,FUTURES_LEG_OF_BASIS,GO_INTERNAL_ANALYTICS,True,LOCAL_PROTO,https://api.massive.com/futures/v1/aggs/SIM6,2026-06-15T20:44:26+00:00
MASSIVE_CME_FUTURES_SESSION,2026-06-11,SI,SILVER,Silver,COMEX,SI,SIM6,1,True,SIM6 Future,2025-02-10,2026-06-26,11,63.955,63.985,63.955,63.985,63.885,settlement_price,63.885,USD_PER_TROY_OUNCE,USD_PER_TROY_OUNCE,no_conversion_needed,3,2,1781049600000000000,FUTURES_SESSION_SETTLEMENT,FUTURES_LEG_OF_BASIS,GO_INTERNAL_ANALYTICS,True,LOCAL_PROTO,https://api.massive.com/futures/v1/aggs/SIM6,2026-06-15T20:44:26+00:00
MASSIVE_CME_FUTURES_SESSION,2026-06-12,SI,SILVER,Silver,COMEX,SI,SIM6,1,True,SIM6 Future,2025-02-10,2026-06-26,11,67.045,68.08,67.02,67.87,67.859,settlement_price,67.859,USD_PER_TROY_OUNCE,USD_PER_TROY_OUNCE,no_conversion_needed,10,9,1781136000000000000,FUTURES_SESSION_SETTLEMENT,FUTURES_LEG_OF_BASIS,GO_INTERNAL_ANALYTICS,True,LOCAL_PROTO,https://api.massive.com/futures/v1/aggs/SIM6,2026-06-15T20:44:26+00:00
MASSIVE_CME_FUTURES_SESSION,2026-06-09,SI,SILVER,Silver,COMEX,SI,SIN6,2,False,SIN6 Future,2021-07-30,2026-07-29,44,68.32,69.18,64.46,65.46,65.24,settlement_price,65.24,USD_PER_TROY_OUNCE,USD_PER_TROY_OUNCE,no_conversion_needed,44676,35075,1780876800000000000,FUTURES_SESSION_SETTLEMENT,FUTURES_LEG_OF_BASIS,GO_INTERNAL_ANALYTICS,True,LOCAL_PROTO,https://api.massive.com/futures/v1/aggs/SIN6,2026-06-15T20:44:27+00:00
MASSIVE_CME_FUTURES_SESSION,2026-06-10,SI,SILVER,Silver,COMEX,SI,SIN6,2,False,SIN6 Future,2021-07-30,2026-07-29,44,65.2,65.89,63.425,63.52,64.74,settlement_price,64.74,USD_PER_TROY_OUNCE,USD_PER_TROY_OUNCE,no_conversion_needed,46206,37454,1780963200000000000,FUTURES_SESSION_SETTLEMENT,FUTURES_LEG_OF_BASIS,GO_INTERNAL_ANALYTICS,True,LOCAL_PROTO,https://api.massive.com/futures/v1/aggs/SIN6,2026-06-15T20:44:27+00:00
MASSIVE_CME_FUTURES_SESSION,2026-06-11,SI,SILVER,Silver,COMEX,SI,SIN6,2,False,SIN6 Future,2021-07-30,2026-07-29,44,63.525,67.695,61.595,67.49,64.001,settlement_price,64.001,USD_PER_TROY_OUNCE,USD_PER_TROY_OUNCE,no_conversion_needed,50957,39763,1781049600000000000,FUTURES_SESSION_SETTLEMENT,FUTURES_LEG_OF_BASIS,GO_INTERNAL_ANALYTICS,True,LOCAL_PROTO,https://api.massive.com/futures/v1/aggs/SIN6,2026-06-15T20:44:27+00:00
MASSIVE_CME_FUTURES_SESSION,2026-06-12,SI,SILVER,Silver,COMEX,SI,SIN6,2,False,SIN6 Future,2021-07-30,2026-07-29,44,67.495,68.445,65.965,68.12,67.974,settlement_price,67.974,USD_PER_TROY_OUNCE,USD_PER_TROY_OUNCE,no_conversion_needed,34555,27749,1781136000000000000,FUTURES_SESSION_SETTLEMENT,FUTURES_LEG_OF_BASIS,GO_INTERNAL_ANALYTICS,True,LOCAL_PROTO,https://api.massive.com/futures/v1/aggs/SIN6,2026-06-15T20:44:27+00:00
MASSIVE_CME_FUTURES_SESSION,2026-06-15,SI,SILVER,Silver,COMEX,SI,SIN6,2,False,SIN6 Future,2021-07-30,2026-07-29,44,68.9,71.4,68.725,70.025,70.18,settlement_price,70.18,USD_PER_TROY_OUNCE,USD_PER_TROY_OUNCE,no_conversion_needed,30210,23466,1781395200000000000,FUTURES_SESSION_SETTLEMENT,FUTURES_LEG_OF_BASIS,GO_INTERNAL_ANALYTICS,True,LOCAL_PROTO,https://api.massive.com/futures/v1/aggs/SIN6,2026-06-15T20:44:27+00:00
MASSIVE_CME_FUTURES_SESSION,2026-06-09,SI,SILVER,Silver,COMEX,SI,SIQ6,3,False,SIQ6 Future,2025-02-10,2026-08-27,73,68.565,68.905,65.5,65.755,65.494,settlement_price,65.494,USD_PER_TROY_OUNCE,USD_PER_TROY_OUNCE,no_conversion_needed,44,40,1780876800000000000,FUTURES_SESSION_SETTLEMENT,FUTURES_LEG_OF_BASIS,GO_INTERNAL_ANALYTICS,True,LOCAL_PROTO,https://api.massive.com/futures/v1/aggs/SIQ6,2026-06-15T20:44:27+00:00
MASSIVE_CME_FUTURES_SESSION,2026-06-10,SI,SILVER,Silver,COMEX,SI,SIQ6,3,False,SIQ6 Future,2025-02-10,2026-08-27,73,65.455,65.885,63.75,63.995,64.987,settlement_price,64.987,USD_PER_TROY_OUNCE,USD_PER_TROY_OUNCE,no_conversion_needed,150,124,1780963200000000000,FUTURES_SESSION_SETTLEMENT,FUTURES_LEG_OF_BASIS,GO_INTERNAL_ANALYTICS,True,LOCAL_PROTO,https://api.massive.com/futures/v1/aggs/SIQ6,2026-06-15T20:44:27+00:00
MASSIVE_CME_FUTURES_SESSION,2026-06-11,SI,SILVER,Silver,COMEX,SI,SIQ6,3,False,SIQ6 Future,2025-02-10,2026-08-27,73,63.785,67.815,61.89,67.575,64.247,settlement_price,64.247,USD_PER_TROY_OUNCE,USD_PER_TROY_OUNCE,no_conversion_needed,158,121,1781049600000000000,FUTURES_SESSION_SETTLEMENT,FUTURES_LEG_OF_BASIS,GO_INTERNAL_ANALYTICS,True,LOCAL_PROTO,https://api.massive.com/futures/v1/aggs/SIQ6,2026-06-15T20:44:27+00:00
MASSIVE_CME_FUTURES_SESSION,2026-06-12,SI,SILVER,Silver,COMEX,SI,SIQ6,3,False,SIQ6 Future,2025-02-10,2026-08-27,73,67.835,68.545,66.48,67.995,68.24,settlement_price,68.24,USD_PER_TROY_OUNCE,USD_PER_TROY_OUNCE,no_conversion_needed,127,101,1781136000000000000,FUTURES_SESSION_SETTLEMENT,FUTURES_LEG_OF_BASIS,GO_INTERNAL_ANALYTICS,True,LOCAL_PROTO,https://api.massive.com/futures/v1/aggs/SIQ6,2026-06-15T20:44:27+00:00
MASSIVE_CME_FUTURES_SESSION,2026-06-15,SI,SILVER,Silver,COMEX,SI,SIQ6,3,False,SIQ6 Future,2025-02-10,2026-08-27,73,69.3,71.61,69.3,70.32,70.461,settlement_price,70.461,USD_PER_TROY_OUNCE,USD_PER_TROY_OUNCE,no_conversion_needed,132,121,1781395200000000000,FUTURES_SESSION_SETTLEMENT,FUTURES_LEG_OF_BASIS,GO_INTERNAL_ANALYTICS,True,LOCAL_PROTO,https://api.massive.com/futures/v1/aggs/SIQ6,2026-06-15T20:44:27+00:00
MASSIVE_CME_FUTURES_SESSION,2026-06-09,ZC,CORN,Corn,CBOT,ZC,ZCN6,1,True,ZCN6 Future,2022-12-15,2026-07-14,29,419,425.5,417.5,420,419.5,settlement_price,4.195,US_CENTS_PER_BUSHEL,USD_PER_BUSHEL,settlement_price_cents_per_bushel / 100,133814,17659,1780876800000000000,FUTURES_SESSION_SETTLEMENT,FUTURES_LEG_OF_BASIS,GO_INTERNAL_ANALYTICS,True,LOCAL_PROTO,https://api.massive.com/futures/v1/aggs/ZCN6,2026-06-15T20:44:12+00:00
MASSIVE_CME_FUTURES_SESSION,2026-06-10,ZC,CORN,Corn,CBOT,ZC,ZCN6,1,True,ZCN6 Future,2022-12-15,2026-07-14,29,419.75,425.75,418.25,419.25,419.0,settlement_price,4.19,US_CENTS_PER_BUSHEL,USD_PER_BUSHEL,settlement_price_cents_per_bushel / 100,108171,13981,1780963200000000000,FUTURES_SESSION_SETTLEMENT,FUTURES_LEG_OF_BASIS,GO_INTERNAL_ANALYTICS,True,LOCAL_PROTO,https://api.massive.com/futures/v1/aggs/ZCN6,2026-06-15T20:44:12+00:00
MASSIVE_CME_FUTURES_SESSION,2026-06-11,ZC,CORN,Corn,CBOT,ZC,ZCN6,1,True,ZCN6 Future,2022-12-15,2026-07-14,29,419.75,420,410.5,411,411.75,settlement_price,4.1175,US_CENTS_PER_BUSHEL,USD_PER_BUSHEL,settlement_price_cents_per_bushel / 100,135413,15834,1781049600000000000,FUTURES_SESSION_SETTLEMENT,FUTURES_LEG_OF_BASIS,GO_INTERNAL_ANALYTICS,True,LOCAL_PROTO,https://api.massive.com/futures/v1/aggs/ZCN6,2026-06-15T20:44:12+00:00
MASSIVE_CME_FUTURES_SESSION,2026-06-12,ZC,CORN,Corn,CBOT,ZC,ZCN6,1,True,ZCN6 Future,2022-12-15,2026-07-14,29,411.75,417,408.5,413.25,412.75,settlement_price,4.1275,US_CENTS_PER_BUSHEL,USD_PER_BUSHEL,settlement_price_cents_per_bushel / 100,97359,13477,1781136000000000000,FUTURES_SESSION_SETTLEMENT,FUTURES_LEG_OF_BASIS,GO_INTERNAL_ANALYTICS,True,LOCAL_PROTO,https://api.massive.com/futures/v1/aggs/ZCN6,2026-06-15T20:44:12+00:00
MASSIVE_CME_FUTURES_SESSION,2026-06-15,ZC,CORN,Corn,CBOT,ZC,ZCN6,1,True,ZCN6 Future,2022-12-15,2026-07-14,29,411.75,416.75,406.25,415.5,415.5,settlement_price,4.155,US_CENTS_PER_BUSHEL,USD_PER_BUSHEL,settlement_price_cents_per_bushel / 100,96053,13295,1781481600000000000,FUTURES_SESSION_SETTLEMENT,FUTURES_LEG_OF_BASIS,GO_INTERNAL_ANALYTICS,True,LOCAL_PROTO,https://api.massive.com/futures/v1/aggs/ZCN6,2026-06-15T20:44:12+00:00
MASSIVE_CME_FUTURES_SESSION,2026-06-09,ZC,CORN,Corn,CBOT,ZC,ZCU6,2,False,ZCU6 Future,2023-12-15,2026-09-14,91,427.5,433.5,425.75,427.5,427.5,settlement_price,4.275,US_CENTS_PER_BUSHEL,USD_PER_BUSHEL,settlement_price_cents_per_bushel / 100,44734,5392,1780876800000000000,FUTURES_SESSION_SETTLEMENT,FUTURES_LEG_OF_BASIS,GO_INTERNAL_ANALYTICS,True,LOCAL_PROTO,https://api.massive.com/futures/v1/aggs/ZCU6,2026-06-15T20:44:13+00:00
MASSIVE_CME_FUTURES_SESSION,2026-06-10,ZC,CORN,Corn,CBOT,ZC,ZCU6,2,False,ZCU6 Future,2023-12-15,2026-09-14,91,427.5,433.5,426.25,428.25,427.75,settlement_price,4.2775,US_CENTS_PER_BUSHEL,USD_PER_BUSHEL,settlement_price_cents_per_bushel / 100,45100,4981,1780963200000000000,FUTURES_SESSION_SETTLEMENT,FUTURES_LEG_OF_BASIS,GO_INTERNAL_ANALYTICS,True,LOCAL_PROTO,https://api.massive.com/futures/v1/aggs/ZCU6,2026-06-15T20:44:13+00:00
MASSIVE_CME_FUTURES_SESSION,2026-06-11,ZC,CORN,Corn,CBOT,ZC,ZCU6,2,False,ZCU6 Future,2023-12-15,2026-09-14,91,428.25,428.75,418.25,419.5,420.0,settlement_price,4.2,US_CENTS_PER_BUSHEL,USD_PER_BUSHEL,settlement_price_cents_per_bushel / 100,49776,5418,1781049600000000000,FUTURES_SESSION_SETTLEMENT,FUTURES_LEG_OF_BASIS,GO_INTERNAL_ANALYTICS,True,LOCAL_PROTO,https://api.massive.com/futures/v1/aggs/ZCU6,2026-06-15T20:44:13+00:00
MASSIVE_CME_FUTURES_SESSION,2026-06-12,ZC,CORN,Corn,CBOT,ZC,ZCU6,2,False,ZCU6 Future,2023-12-15,2026-09-14,91,420,425,416,421.5,420.75,settlement_price,4.2075,US_CENTS_PER_BUSHEL,USD_PER_BUSHEL,settlement_price_cents_per_bushel / 100,43489,5260,1781136000000000000,FUTURES_SESSION_SETTLEMENT,FUTURES_LEG_OF_BASIS,GO_INTERNAL_ANALYTICS,True,LOCAL_PROTO,https://api.massive.com/futures/v1/aggs/ZCU6,2026-06-15T20:44:13+00:00
MASSIVE_CME_FUTURES_SESSION,2026-06-15,ZC,CORN,Corn,CBOT,ZC,ZCU6,2,False,ZCU6 Future,2023-12-15,2026-09-14,91,420,424.5,414.5,422.5,422.75,settlement_price,4.2275,US_CENTS_PER_BUSHEL,USD_PER_BUSHEL,settlement_price_cents_per_bushel / 100,51336,5365,1781481600000000000,FUTURES_SESSION_SETTLEMENT,FUTURES_LEG_OF_BASIS,GO_INTERNAL_ANALYTICS,True,LOCAL_PROTO,https://api.massive.com/futures/v1/aggs/ZCU6,2026-06-15T20:44:13+00:00
MASSIVE_CME_FUTURES_SESSION,2026-06-09,ZC,CORN,Corn,CBOT,ZC,ZCZ6,3,False,ZCZ6 Future,2022-12-15,2026-12-14,182,446.25,451.5,443.75,445.25,445.25,settlement_price,4.4525,US_CENTS_PER_BUSHEL,USD_PER_BUSHEL,settlement_price_cents_per_bushel / 100,73244,6816,1780876800000000000,FUTURES_SESSION_SETTLEMENT,FUTURES_LEG_OF_BASIS,GO_INTERNAL_ANALYTICS,True,LOCAL_PROTO,https://api.massive.com/futures/v1/aggs/ZCZ6,2026-06-15T20:44:13+00:00
MASSIVE_CME_FUTURES_SESSION,2026-06-10,ZC,CORN,Corn,CBOT,ZC,ZCZ6,3,False,ZCZ6 Future,2022-12-15,2026-12-14,182,445.25,451.5,444.25,447,446.75,settlement_price,4.4675,US_CENTS_PER_BUSHEL,USD_PER_BUSHEL,settlement_price_cents_per_bushel / 100,71210,6560,1780963200000000000,FUTURES_SESSION_SETTLEMENT,FUTURES_LEG_OF_BASIS,GO_INTERNAL_ANALYTICS,True,LOCAL_PROTO,https://api.massive.com/futures/v1/aggs/ZCZ6,2026-06-15T20:44:13+00:00
MASSIVE_CME_FUTURES_SESSION,2026-06-11,ZC,CORN,Corn,CBOT,ZC,ZCZ6,3,False,ZCZ6 Future,2022-12-15,2026-12-14,182,447.5,448,437.5,439,439.5,settlement_price,4.395,US_CENTS_PER_BUSHEL,USD_PER_BUSHEL,settlement_price_cents_per_bushel / 100,90602,8396,1781049600000000000,FUTURES_SESSION_SETTLEMENT,FUTURES_LEG_OF_BASIS,GO_INTERNAL_ANALYTICS,True,LOCAL_PROTO,https://api.massive.com/futures/v1/aggs/ZCZ6,2026-06-15T20:44:13+00:00
MASSIVE_CME_FUTURES_SESSION,2026-06-12,ZC,CORN,Corn,CBOT,ZC,ZCZ6,3,False,ZCZ6 Future,2022-12-15,2026-12-14,182,439.5,444,435.5,440.75,440.25,settlement_price,4.4025,US_CENTS_PER_BUSHEL,USD_PER_BUSHEL,settlement_price_cents_per_bushel / 100,70945,6714,1781136000000000000,FUTURES_SESSION_SETTLEMENT,FUTURES_LEG_OF_BASIS,GO_INTERNAL_ANALYTICS,True,LOCAL_PROTO,https://api.massive.com/futures/v1/aggs/ZCZ6,2026-06-15T20:44:13+00:00
MASSIVE_CME_FUTURES_SESSION,2026-06-15,ZC,CORN,Corn,CBOT,ZC,ZCZ6,3,False,ZCZ6 Future,2022-12-15,2026-12-14,182,439.25,443.75,434.25,441.5,441.75,settlement_price,4.4175,US_CENTS_PER_BUSHEL,USD_PER_BUSHEL,settlement_price_cents_per_bushel / 100,77964,7226,1781481600000000000,FUTURES_SESSION_SETTLEMENT,FUTURES_LEG_OF_BASIS,GO_INTERNAL_ANALYTICS,True,LOCAL_PROTO,https://api.massive.com/futures/v1/aggs/ZCZ6,2026-06-15T20:44:13+00:00
MASSIVE_CME_FUTURES_SESSION,2026-06-09,ZS,SOYBEANS,Soybeans,CBOT,ZS,ZSN6,1,True,ZSN6 Future,2022-11-15,2026-07-14,29,1116.25,1118.5,1110.25,1114,1113.75,settlement_price,11.1375,US_CENTS_PER_BUSHEL,USD_PER_BUSHEL,settlement_price_cents_per_bushel / 100,65628,18372,1780876800000000000,FUTURES_SESSION_SETTLEMENT,FUTURES_LEG_OF_BASIS,GO_INTERNAL_ANALYTICS,True,LOCAL_PROTO,https://api.massive.com/futures/v1/aggs/ZSN6,2026-06-15T20:44:14+00:00
MASSIVE_CME_FUTURES_SESSION,2026-06-10,ZS,SOYBEANS,Soybeans,CBOT,ZS,ZSN6,1,True,ZSN6 Future,2022-11-15,2026-07-14,29,1113.75,1129.75,1113,1123.75,1123.0,settlement_price,11.23,US_CENTS_PER_BUSHEL,USD_PER_BUSHEL,settlement_price_cents_per_bushel / 100,68327,19218,1780963200000000000,FUTURES_SESSION_SETTLEMENT,FUTURES_LEG_OF_BASIS,GO_INTERNAL_ANALYTICS,True,LOCAL_PROTO,https://api.massive.com/futures/v1/aggs/ZSN6,2026-06-15T20:44:14+00:00
MASSIVE_CME_FUTURES_SESSION,2026-06-11,ZS,SOYBEANS,Soybeans,CBOT,ZS,ZSN6,1,True,ZSN6 Future,2022-11-15,2026-07-14,29,1123.5,1125,1108.25,1115.75,1115.0,settlement_price,11.15,US_CENTS_PER_BUSHEL,USD_PER_BUSHEL,settlement_price_cents_per_bushel / 100,68711,18801,1781049600000000000,FUTURES_SESSION_SETTLEMENT,FUTURES_LEG_OF_BASIS,GO_INTERNAL_ANALYTICS,True,LOCAL_PROTO,https://api.massive.com/futures/v1/aggs/ZSN6,2026-06-15T20:44:14+00:00
MASSIVE_CME_FUTURES_SESSION,2026-06-12,ZS,SOYBEANS,Soybeans,CBOT,ZS,ZSN6,1,True,ZSN6 Future,2022-11-15,2026-07-14,29,1115,1119.75,1109.25,1113.25,1113.5,settlement_price,11.135,US_CENTS_PER_BUSHEL,USD_PER_BUSHEL,settlement_price_cents_per_bushel / 100,43139,11850,1781136000000000000,FUTURES_SESSION_SETTLEMENT,FUTURES_LEG_OF_BASIS,GO_INTERNAL_ANALYTICS,True,LOCAL_PROTO,https://api.massive.com/futures/v1/aggs/ZSN6,2026-06-15T20:44:14+00:00
MASSIVE_CME_FUTURES_SESSION,2026-06-15,ZS,SOYBEANS,Soybeans,CBOT,ZS,ZSN6,1,True,ZSN6 Future,2022-11-15,2026-07-14,29,1111,1119.75,1102.5,1118.75,1119.25,settlement_price,11.1925,US_CENTS_PER_BUSHEL,USD_PER_BUSHEL,settlement_price_cents_per_bushel / 100,52364,14593,1781481600000000000,FUTURES_SESSION_SETTLEMENT,FUTURES_LEG_OF_BASIS,GO_INTERNAL_ANALYTICS,True,LOCAL_PROTO,https://api.massive.com/futures/v1/aggs/ZSN6,2026-06-15T20:44:14+00:00
MASSIVE_CME_FUTURES_SESSION,2026-06-09,ZS,SOYBEANS,Soybeans,CBOT,ZS,ZSQ6,2,False,ZSQ6 Future,2023-11-15,2026-08-14,60,1121.75,1124,1116,1118.75,1118.75,settlement_price,11.1875,US_CENTS_PER_BUSHEL,USD_PER_BUSHEL,settlement_price_cents_per_bushel / 100,6456,2660,1780876800000000000,FUTURES_SESSION_SETTLEMENT,FUTURES_LEG_OF_BASIS,GO_INTERNAL_ANALYTICS,True,LOCAL_PROTO,https://api.massive.com/futures/v1/aggs/ZSQ6,2026-06-15T20:44:16+00:00
MASSIVE_CME_FUTURES_SESSION,2026-06-10,ZS,SOYBEANS,Soybeans,CBOT,ZS,ZSQ6,2,False,ZSQ6 Future,2023-11-15,2026-08-14,60,1118.75,1133.25,1118,1128.5,1127.75,settlement_price,11.2775,US_CENTS_PER_BUSHEL,USD_PER_BUSHEL,settlement_price_cents_per_bushel / 100,7760,2695,1780963200000000000,FUTURES_SESSION_SETTLEMENT,FUTURES_LEG_OF_BASIS,GO_INTERNAL_ANALYTICS,True,LOCAL_PROTO,https://api.massive.com/futures/v1/aggs/ZSQ6,2026-06-15T20:44:16+00:00
MASSIVE_CME_FUTURES_SESSION,2026-06-11,ZS,SOYBEANS,Soybeans,CBOT,ZS,ZSQ6,2,False,ZSQ6 Future,2023-11-15,2026-08-14,60,1128.25,1130.25,1113.75,1121,1120.5,settlement_price,11.205,US_CENTS_PER_BUSHEL,USD_PER_BUSHEL,settlement_price_cents_per_bushel / 100,8194,3166,1781049600000000000,FUTURES_SESSION_SETTLEMENT,FUTURES_LEG_OF_BASIS,GO_INTERNAL_ANALYTICS,True,LOCAL_PROTO,https://api.massive.com/futures/v1/aggs/ZSQ6,2026-06-15T20:44:16+00:00
MASSIVE_CME_FUTURES_SESSION,2026-06-12,ZS,SOYBEANS,Soybeans,CBOT,ZS,ZSQ6,2,False,ZSQ6 Future,2023-11-15,2026-08-14,60,1120.5,1124.5,1114.25,1118.75,1118.75,settlement_price,11.1875,US_CENTS_PER_BUSHEL,USD_PER_BUSHEL,settlement_price_cents_per_bushel / 100,4389,1978,1781136000000000000,FUTURES_SESSION_SETTLEMENT,FUTURES_LEG_OF_BASIS,GO_INTERNAL_ANALYTICS,True,LOCAL_PROTO,https://api.massive.com/futures/v1/aggs/ZSQ6,2026-06-15T20:44:16+00:00
MASSIVE_CME_FUTURES_SESSION,2026-06-15,ZS,SOYBEANS,Soybeans,CBOT,ZS,ZSQ6,2,False,ZSQ6 Future,2023-11-15,2026-08-14,60,1115.5,1124,1107.75,1123.5,1123.5,settlement_price,11.235,US_CENTS_PER_BUSHEL,USD_PER_BUSHEL,settlement_price_cents_per_bushel / 100,7546,3068,1781481600000000000,FUTURES_SESSION_SETTLEMENT,FUTURES_LEG_OF_BASIS,GO_INTERNAL_ANALYTICS,True,LOCAL_PROTO,https://api.massive.com/futures/v1/aggs/ZSQ6,2026-06-15T20:44:16+00:00
MASSIVE_CME_FUTURES_SESSION,2026-06-09,ZS,SOYBEANS,Soybeans,CBOT,ZS,ZSU6,3,False,ZSU6 Future,2023-11-15,2026-09-14,91,1120.25,1123.75,1116,1118,1118.25,settlement_price,11.1825,US_CENTS_PER_BUSHEL,USD_PER_BUSHEL,settlement_price_cents_per_bushel / 100,4006,1915,1780876800000000000,FUTURES_SESSION_SETTLEMENT,FUTURES_LEG_OF_BASIS,GO_INTERNAL_ANALYTICS,True,LOCAL_PROTO,https://api.massive.com/futures/v1/aggs/ZSU6,2026-06-15T20:44:17+00:00
MASSIVE_CME_FUTURES_SESSION,2026-06-10,ZS,SOYBEANS,Soybeans,CBOT,ZS,ZSU6,3,False,ZSU6 Future,2023-11-15,2026-09-14,91,1117.25,1131,1117.25,1126.75,1126.0,settlement_price,11.26,US_CENTS_PER_BUSHEL,USD_PER_BUSHEL,settlement_price_cents_per_bushel / 100,5093,1840,1780963200000000000,FUTURES_SESSION_SETTLEMENT,FUTURES_LEG_OF_BASIS,GO_INTERNAL_ANALYTICS,True,LOCAL_PROTO,https://api.massive.com/futures/v1/aggs/ZSU6,2026-06-15T20:44:17+00:00
MASSIVE_CME_FUTURES_SESSION,2026-06-11,ZS,SOYBEANS,Soybeans,CBOT,ZS,ZSU6,3,False,ZSU6 Future,2023-11-15,2026-09-14,91,1125.25,1129.25,1112.75,1120.5,1120.0,settlement_price,11.2,US_CENTS_PER_BUSHEL,USD_PER_BUSHEL,settlement_price_cents_per_bushel / 100,6094,2174,1781049600000000000,FUTURES_SESSION_SETTLEMENT,FUTURES_LEG_OF_BASIS,GO_INTERNAL_ANALYTICS,True,LOCAL_PROTO,https://api.massive.com/futures/v1/aggs/ZSU6,2026-06-15T20:44:17+00:00
MASSIVE_CME_FUTURES_SESSION,2026-06-12,ZS,SOYBEANS,Soybeans,CBOT,ZS,ZSU6,3,False,ZSU6 Future,2023-11-15,2026-09-14,91,1119.25,1123,1113.25,1118,1117.75,settlement_price,11.1775,US_CENTS_PER_BUSHEL,USD_PER_BUSHEL,settlement_price_cents_per_bushel / 100,4049,1880,1781136000000000000,FUTURES_SESSION_SETTLEMENT,FUTURES_LEG_OF_BASIS,GO_INTERNAL_ANALYTICS,True,LOCAL_PROTO,https://api.massive.com/futures/v1/aggs/ZSU6,2026-06-15T20:44:17+00:00
MASSIVE_CME_FUTURES_SESSION,2026-06-15,ZS,SOYBEANS,Soybeans,CBOT,ZS,ZSU6,3,False,ZSU6 Future,2023-11-15,2026-09-14,91,1115.75,1122.5,1107.5,1121.5,1121.75,settlement_price,11.2175,US_CENTS_PER_BUSHEL,USD_PER_BUSHEL,settlement_price_cents_per_bushel / 100,6104,2448,1781481600000000000,FUTURES_SESSION_SETTLEMENT,FUTURES_LEG_OF_BASIS,GO_INTERNAL_ANALYTICS,True,LOCAL_PROTO,https://api.massive.com/futures/v1/aggs/ZSU6,2026-06-15T20:44:17+00:00
MASSIVE_CME_FUTURES_SESSION,2026-06-09,ZW,SRW_WHEAT,SRW Wheat,CBOT,ZW,ZWN6,1,True,ZWN6 Future,2023-07-17,2026-07-14,29,583,595,581.75,585,585.25,settlement_price,5.8525,US_CENTS_PER_BUSHEL,USD_PER_BUSHEL,settlement_price_cents_per_bushel / 100,41594,12147,1780876800000000000,FUTURES_SESSION_SETTLEMENT,FUTURES_LEG_OF_BASIS,GO_INTERNAL_ANALYTICS,True,LOCAL_PROTO,https://api.massive.com/futures/v1/aggs/ZWN6,2026-06-15T20:44:20+00:00
MASSIVE_CME_FUTURES_SESSION,2026-06-10,ZW,SRW_WHEAT,SRW Wheat,CBOT,ZW,ZWN6,1,True,ZWN6 Future,2023-07-17,2026-07-14,29,585,600.25,583.5,587.25,587.5,settlement_price,5.875,US_CENTS_PER_BUSHEL,USD_PER_BUSHEL,settlement_price_cents_per_bushel / 100,41329,12525,1780963200000000000,FUTURES_SESSION_SETTLEMENT,FUTURES_LEG_OF_BASIS,GO_INTERNAL_ANALYTICS,True,LOCAL_PROTO,https://api.massive.com/futures/v1/aggs/ZWN6,2026-06-15T20:44:20+00:00
MASSIVE_CME_FUTURES_SESSION,2026-06-11,ZW,SRW_WHEAT,SRW Wheat,CBOT,ZW,ZWN6,1,True,ZWN6 Future,2023-07-17,2026-07-14,29,588.5,593.75,582.25,586.25,586.75,settlement_price,5.8675,US_CENTS_PER_BUSHEL,USD_PER_BUSHEL,settlement_price_cents_per_bushel / 100,39555,12123,1781049600000000000,FUTURES_SESSION_SETTLEMENT,FUTURES_LEG_OF_BASIS,GO_INTERNAL_ANALYTICS,True,LOCAL_PROTO,https://api.massive.com/futures/v1/aggs/ZWN6,2026-06-15T20:44:20+00:00
MASSIVE_CME_FUTURES_SESSION,2026-06-12,ZW,SRW_WHEAT,SRW Wheat,CBOT,ZW,ZWN6,1,True,ZWN6 Future,2023-07-17,2026-07-14,29,585.75,594.25,579.75,585.25,584.5,settlement_price,5.845,US_CENTS_PER_BUSHEL,USD_PER_BUSHEL,settlement_price_cents_per_bushel / 100,32381,10765,1781136000000000000,FUTURES_SESSION_SETTLEMENT,FUTURES_LEG_OF_BASIS,GO_INTERNAL_ANALYTICS,True,LOCAL_PROTO,https://api.massive.com/futures/v1/aggs/ZWN6,2026-06-15T20:44:20+00:00
MASSIVE_CME_FUTURES_SESSION,2026-06-15,ZW,SRW_WHEAT,SRW Wheat,CBOT,ZW,ZWN6,1,True,ZWN6 Future,2023-07-17,2026-07-14,29,582.5,591,571,590,589.75,settlement_price,5.8975,US_CENTS_PER_BUSHEL,USD_PER_BUSHEL,settlement_price_cents_per_bushel / 100,40361,11826,1781481600000000000,FUTURES_SESSION_SETTLEMENT,FUTURES_LEG_OF_BASIS,GO_INTERNAL_ANALYTICS,True,LOCAL_PROTO,https://api.massive.com/futures/v1/aggs/ZWN6,2026-06-15T20:44:20+00:00
MASSIVE_CME_FUTURES_SESSION,2026-06-09,ZW,SRW_WHEAT,SRW Wheat,CBOT,ZW,ZWU6,2,False,ZWU6 Future,2024-07-15,2026-09-14,91,595.5,606.75,594.25,596.25,596.75,settlement_price,5.9675,US_CENTS_PER_BUSHEL,USD_PER_BUSHEL,settlement_price_cents_per_bushel / 100,16158,5472,1780876800000000000,FUTURES_SESSION_SETTLEMENT,FUTURES_LEG_OF_BASIS,GO_INTERNAL_ANALYTICS,True,LOCAL_PROTO,https://api.massive.com/futures/v1/aggs/ZWU6,2026-06-15T20:44:21+00:00
MASSIVE_CME_FUTURES_SESSION,2026-06-10,ZW,SRW_WHEAT,SRW Wheat,CBOT,ZW,ZWU6,2,False,ZWU6 Future,2024-07-15,2026-09-14,91,595,611.25,595,599.25,599.5,settlement_price,5.995,US_CENTS_PER_BUSHEL,USD_PER_BUSHEL,settlement_price_cents_per_bushel / 100,17339,5290,1780963200000000000,FUTURES_SESSION_SETTLEMENT,FUTURES_LEG_OF_BASIS,GO_INTERNAL_ANALYTICS,True,LOCAL_PROTO,https://api.massive.com/futures/v1/aggs/ZWU6,2026-06-15T20:44:21+00:00
MASSIVE_CME_FUTURES_SESSION,2026-06-11,ZW,SRW_WHEAT,SRW Wheat,CBOT,ZW,ZWU6,2,False,ZWU6 Future,2024-07-15,2026-09-14,91,601.5,605.25,594.5,598,598.25,settlement_price,5.9825,US_CENTS_PER_BUSHEL,USD_PER_BUSHEL,settlement_price_cents_per_bushel / 100,21834,6909,1781049600000000000,FUTURES_SESSION_SETTLEMENT,FUTURES_LEG_OF_BASIS,GO_INTERNAL_ANALYTICS,True,LOCAL_PROTO,https://api.massive.com/futures/v1/aggs/ZWU6,2026-06-15T20:44:21+00:00
MASSIVE_CME_FUTURES_SESSION,2026-06-12,ZW,SRW_WHEAT,SRW Wheat,CBOT,ZW,ZWU6,2,False,ZWU6 Future,2024-07-15,2026-09-14,91,597.5,604.75,591.25,596.5,595.75,settlement_price,5.9575,US_CENTS_PER_BUSHEL,USD_PER_BUSHEL,settlement_price_cents_per_bushel / 100,15971,5630,1781136000000000000,FUTURES_SESSION_SETTLEMENT,FUTURES_LEG_OF_BASIS,GO_INTERNAL_ANALYTICS,True,LOCAL_PROTO,https://api.massive.com/futures/v1/aggs/ZWU6,2026-06-15T20:44:21+00:00
MASSIVE_CME_FUTURES_SESSION,2026-06-15,ZW,SRW_WHEAT,SRW Wheat,CBOT,ZW,ZWU6,2,False,ZWU6 Future,2024-07-15,2026-09-14,91,594.25,601.25,582.25,600.25,600.5,settlement_price,6.005,US_CENTS_PER_BUSHEL,USD_PER_BUSHEL,settlement_price_cents_per_bushel / 100,31057,7899,1781481600000000000,FUTURES_SESSION_SETTLEMENT,FUTURES_LEG_OF_BASIS,GO_INTERNAL_ANALYTICS,True,LOCAL_PROTO,https://api.massive.com/futures/v1/aggs/ZWU6,2026-06-15T20:44:21+00:00
MASSIVE_CME_FUTURES_SESSION,2026-06-09,ZW,SRW_WHEAT,SRW Wheat,CBOT,ZW,ZWZ6,3,False,ZWZ6 Future,2024-07-15,2026-12-14,182,613.25,624,612.25,614,614.25,settlement_price,6.1425,US_CENTS_PER_BUSHEL,USD_PER_BUSHEL,settlement_price_cents_per_bushel / 100,7588,3076,1780876800000000000,FUTURES_SESSION_SETTLEMENT,FUTURES_LEG_OF_BASIS,GO_INTERNAL_ANALYTICS,True,LOCAL_PROTO,https://api.massive.com/futures/v1/aggs/ZWZ6,2026-06-15T20:44:22+00:00
MASSIVE_CME_FUTURES_SESSION,2026-06-10,ZW,SRW_WHEAT,SRW Wheat,CBOT,ZW,ZWZ6,3,False,ZWZ6 Future,2024-07-15,2026-12-14,182,614.5,628.75,612.25,616.5,617.25,settlement_price,6.1725,US_CENTS_PER_BUSHEL,USD_PER_BUSHEL,settlement_price_cents_per_bushel / 100,8282,3263,1780963200000000000,FUTURES_SESSION_SETTLEMENT,FUTURES_LEG_OF_BASIS,GO_INTERNAL_ANALYTICS,True,LOCAL_PROTO,https://api.massive.com/futures/v1/aggs/ZWZ6,2026-06-15T20:44:22+00:00
MASSIVE_CME_FUTURES_SESSION,2026-06-11,ZW,SRW_WHEAT,SRW Wheat,CBOT,ZW,ZWZ6,3,False,ZWZ6 Future,2024-07-15,2026-12-14,182,618.25,622,611.5,615,614.75,settlement_price,6.1475,US_CENTS_PER_BUSHEL,USD_PER_BUSHEL,settlement_price_cents_per_bushel / 100,7468,3380,1781049600000000000,FUTURES_SESSION_SETTLEMENT,FUTURES_LEG_OF_BASIS,GO_INTERNAL_ANALYTICS,True,LOCAL_PROTO,https://api.massive.com/futures/v1/aggs/ZWZ6,2026-06-15T20:44:22+00:00
MASSIVE_CME_FUTURES_SESSION,2026-06-12,ZW,SRW_WHEAT,SRW Wheat,CBOT,ZW,ZWZ6,3,False,ZWZ6 Future,2024-07-15,2026-12-14,182,614.25,621,607.75,612.75,612.0,settlement_price,6.12,US_CENTS_PER_BUSHEL,USD_PER_BUSHEL,settlement_price_cents_per_bushel / 100,7379,3161,1781136000000000000,FUTURES_SESSION_SETTLEMENT,FUTURES_LEG_OF_BASIS,GO_INTERNAL_ANALYTICS,True,LOCAL_PROTO,https://api.massive.com/futures/v1/aggs/ZWZ6,2026-06-15T20:44:22+00:00
MASSIVE_CME_FUTURES_SESSION,2026-06-15,ZW,SRW_WHEAT,SRW Wheat,CBOT,ZW,ZWZ6,3,False,ZWZ6 Future,2024-07-15,2026-12-14,182,610.25,617.5,598.5,616.75,616.75,settlement_price,6.1675,US_CENTS_PER_BUSHEL,USD_PER_BUSHEL,settlement_price_cents_per_bushel / 100,11901,4317,1781481600000000000,FUTURES_SESSION_SETTLEMENT,FUTURES_LEG_OF_BASIS,GO_INTERNAL_ANALYTICS,True,LOCAL_PROTO,https://api.massive.com/futures/v1/aggs/ZWZ6,2026-06-15T20:44:22+00:00
